{"cameraMode":{"drawMode":0,"name":"Shaded","section":"Shading Mode"},"sceneLighting":true,"audioPlay":false,"sceneViewState":{"showFog":true,"showMaterialUpdate":false,"showSkybox":true,"showFlares":true,"showImageEffects":true,"showParticleSystems":true},"in2DMode":false,"pivot":{"x":4.500617980957031,"y":10.081275939941407,"z":0.4229012131690979},"rotation":{"x":-0.06017211452126503,"y":-0.05776531621813774,"z":0.0034879613667726518,"w":-0.9965091347694397},"size":32.1089973449707,"orthographic":false}