{"cameraMode":{"drawMode":0,"name":"Shaded","section":"Shading Mode"},"sceneLighting":false,"audioPlay":false,"sceneViewState":{"showFog":true,"showMaterialUpdate":false,"showSkybox":false,"showFlares":true,"showImageEffects":true,"showParticleSystems":true},"in2DMode":false,"pivot":{"x":26.5914363861084,"y":0.8647735714912415,"z":5.255631446838379},"rotation":{"x":-0.0887865424156189,"y":-0.9100332260131836,"z":0.26100391149520876,"w":-0.30956870317459109},"size":3.1835384368896486,"orthographic":false}